<?xml version="1.0" encoding="UTF-8"?>
<catalog>
    <predmet>
        <sifra>1</sifra>
        <naziv>Lopata</naziv>
        <kolicina>72</kolicina>
        <cena>490</cena>
    </predmet>
    <predmet>
        <sifra>2</sifra>
        <naziv>lonec</naziv>
        <kolicina>30</kolicina>
        <cena>300</cena>
    </predmet>
    <predmet>
        <sifra>3</sifra>
        <naziv>zemlja</naziv>
        <kolicina>15</kolicina>
        <cena>300</cena>
    </predmet>
    <predmet>
        <sifra>4</sifra>
        <naziv>rokavice</naziv>
        <kolicina>120</kolicina>
        <cena>120</cena>
    </predmet>
    <predmet>
        <sifra>5</sifra>
        <naziv>škornji</naziv>
        <kolicina>30</kolicina>
        <cena>280</cena>
    </predmet>
    <predmet>
        <sifra>6</sifra>
        <naziv>gnojilo</naziv>
        <kolicina>35</kolicina>
        <cena>120</cena>
    </predmet>
     
</catalog>