<?xml version="1.0" encoding="UTF-8"?>
<sportniki>
    <oseba spol="ženski">
        <sifra>1</sifra>
        <ime>Tina</ime>
        <priimek>Maze</priimek>
        <letoRojstva>1983</letoRojstva>
        <placa>1900.00</placa>
    </oseba>
    <oseba spol="moški">
        <sifra>2</sifra>
        <ime>Peter</ime>
        <priimek>Prevc</priimek>
        <letoRojstva>1992</letoRojstva>
        <placa>2500.00</placa>
    </oseba>
    <oseba spol="ženski">
        <sifra>1</sifra>
        <ime>Tina</ime>
        <priimek>Maze</priimek>
        <letoRojstva>1983</letoRojstva>
        <placa>1400.00</placa>
    </oseba>
    <oseba spol="moški">
        <sifra>3</sifra>
        <ime>Domen</ime>
        <priimek>Prevc</priimek>
        <letoRojstva>1999</letoRojstva>
        <placa>500.00</placa>
    </oseba>
</sportniki>