<?xml version="1.0" encoding="UTF-8"?>
<proizvodnja>
    <ura>
        <sifra>1</sifra>
        <naziv>Rolex</naziv>
        <kolicina>85</kolicina>
        <vrednost>5000.00</vrednost>
    </ura>
    <ura>
        <sifra>2</sifra>
        <naziv>Tissot</naziv>
        <kolicina>45</kolicina>
        <vrednost>900.00</vrednost>
    </ura>
    <ura>
        <sifra>3</sifra>
        <naziv>Omega</naziv>
        <kolicina>15</kolicina>
        <vrednost>2000.00</vrednost>
    </ura>
    <ura>
        <sifra>4</sifra>
        <naziv>Seiko</naziv>
        <kolicina>28</kolicina>
        <vrednost>500.00</vrednost>
    </ura>
    <ura>
        <sifra>4</sifra>
        <naziv>Seiko</naziv>
        <kolicina>23</kolicina>
        <vrednost>600.00</vrednost>
    </ura>

    <ura>
        <sifra>5</sifra>
        <naziv>Certina</naziv>
        <kolicina>8</kolicina>
        <vrednost>400.00</vrednost>
    </ura>
    <ura>
        <sifra>1</sifra>
        <naziv>Rolex</naziv>
        <kolicina>35</kolicina>
        <vrednost>5000.00</vrednost>
    </ura>
    <ura>
        <sifra>2</sifra>
        <naziv>Tissot</naziv>
        <kolicina>15</kolicina>
        <vrednost>900.00</vrednost>
    </ura>
</proizvodnja>